dataset,dataset_label,embedding_source,embedding_dim,metric_name,metric_scope,value,ci_low,ci_high,ci_level,ci_method,higher_is_better,n_structures,n_oxide,n_nitride,vector_space,raw_space_primary,projected_space,preprocessing,parameters,scenario,source_seed,majority_label_baseline
fixed_test_set,Fixed test set,pre_head,256,silhouette_score,overall_family_labels,0.19049933356585569,0.18179475645413662,0.19923095904820048,0.94999999999999996,stratified_bootstrap_over_per_structure_silhouette_values,True,1726,1484,242,raw_256d_embedding_vectors,True,none,none,"{""metric"": ""euclidean""}",inclusive_baseline_recomputed,42,0.85979142526071839
fixed_test_set,Fixed test set,pre_head,256,silhouette_score,oxide,0.18519537470734157,0.17551443827047805,0.19463096144143952,0.94999999999999996,bootstrap_over_family_per_structure_silhouette_values,True,1726,1484,242,raw_256d_embedding_vectors,True,none,none,"{""metric"": ""euclidean""}",inclusive_baseline_recomputed,42,0.85979142526071839
fixed_test_set,Fixed test set,pre_head,256,silhouette_score,nitride,0.22302443664864477,0.20687693191372611,0.23904539213680495,0.94999999999999996,bootstrap_over_family_per_structure_silhouette_values,True,1726,1484,242,raw_256d_embedding_vectors,True,none,none,"{""metric"": ""euclidean""}",inclusive_baseline_recomputed,42,0.85979142526071839
fixed_test_set,Fixed test set,pre_head,256,davies_bouldin_index,overall_family_labels,1.6936503655060886,1.6094616631751253,1.7810870064265116,0.94999999999999996,stratified_bootstrap_recomputed_index,False,1726,1484,242,raw_256d_embedding_vectors,True,none,none,"{""metric"": ""euclidean""}",inclusive_baseline_recomputed,42,0.85979142526071839
fixed_test_set,Fixed test set,pre_head,256,knn_family_purity,overall_family_labels,0.95770567786790262,0.95186848203939745,0.96357763615295478,0.94999999999999996,stratified_bootstrap_over_per_structure_purity_values,True,1726,1484,242,raw_256d_embedding_vectors,True,none,none,"{""k_neighbors"": 15, ""metric"": ""euclidean"", ""self_excluded"": true}",inclusive_baseline_recomputed,42,0.85979142526071839
fixed_test_set,Fixed test set,pre_head,256,knn_family_purity,oxide,0.98373764600179703,0.97955974842767313,0.98773697214734968,0.94999999999999996,bootstrap_over_family_per_structure_purity_values,True,1726,1484,242,raw_256d_embedding_vectors,True,none,none,"{""k_neighbors"": 15, ""metric"": ""euclidean"", ""self_excluded"": true}",inclusive_baseline_recomputed,42,0.85979142526071839
fixed_test_set,Fixed test set,pre_head,256,knn_family_purity,nitride,0.79807162534435261,0.76335399449035812,0.82702479338842971,0.94999999999999996,bootstrap_over_family_per_structure_purity_values,True,1726,1484,242,raw_256d_embedding_vectors,True,none,none,"{""k_neighbors"": 15, ""metric"": ""euclidean"", ""self_excluded"": true}",inclusive_baseline_recomputed,42,0.85979142526071839
fixed_test_set,Fixed test set,pre_head,256,logistic_regression_family_auc,overall_family_labels,0.99761087968635143,0.99561563008175358,0.99896979628433324,0.94999999999999996,stratified_bootstrap_over_cross_validated_out_of_fold_scores,True,1726,1484,242,raw_256d_embedding_vectors,True,none,fold_local_standard_scaler_no_dimensionality_reduction,"{""class_weight"": ""balanced"", ""cv_folds"": 5, ""positive_label"": ""nitride"", ""solver"": ""lbfgs""}",inclusive_baseline_recomputed,42,0.85979142526071839
fixed_test_set,Fixed test set,pre_head,256,silhouette_score,overall_family_labels,0.20453496327985368,0.19573324792017252,0.21346331599588803,0.94999999999999996,stratified_bootstrap_over_per_structure_silhouette_values,True,1669,1427,242,raw_256d_embedding_vectors,True,none,none,"{""metric"": ""euclidean""}",pure_oxide_filtered,42,0.8550029958058718
fixed_test_set,Fixed test set,pre_head,256,silhouette_score,oxide,0.20037057473922232,0.19063551742455259,0.20977237116919334,0.94999999999999996,bootstrap_over_family_per_structure_silhouette_values,True,1669,1427,242,raw_256d_embedding_vectors,True,none,none,"{""metric"": ""euclidean""}",pure_oxide_filtered,42,0.8550029958058718
fixed_test_set,Fixed test set,pre_head,256,silhouette_score,nitride,0.22909108909589054,0.21367445706361649,0.24505976229879162,0.94999999999999996,bootstrap_over_family_per_structure_silhouette_values,True,1669,1427,242,raw_256d_embedding_vectors,True,none,none,"{""metric"": ""euclidean""}",pure_oxide_filtered,42,0.8550029958058718
fixed_test_set,Fixed test set,pre_head,256,davies_bouldin_index,overall_family_labels,1.6384813638961719,1.5462922137993396,1.7261230125077509,0.94999999999999996,stratified_bootstrap_recomputed_index,False,1669,1427,242,raw_256d_embedding_vectors,True,none,none,"{""metric"": ""euclidean""}",pure_oxide_filtered,42,0.8550029958058718
fixed_test_set,Fixed test set,pre_head,256,knn_family_purity,overall_family_labels,0.96552826043539042,0.95993209506690624,0.97068404234072303,0.94999999999999996,stratified_bootstrap_over_per_structure_purity_values,True,1669,1427,242,raw_256d_embedding_vectors,True,none,none,"{""k_neighbors"": 15, ""metric"": ""euclidean"", ""self_excluded"": true}",pure_oxide_filtered,42,0.8550029958058718
fixed_test_set,Fixed test set,pre_head,256,knn_family_purity,oxide,0.98635832749357621,0.98238612473721099,0.99000350385423974,0.94999999999999996,bootstrap_over_family_per_structure_purity_values,True,1669,1427,242,raw_256d_embedding_vectors,True,none,none,"{""k_neighbors"": 15, ""metric"": ""euclidean"", ""self_excluded"": true}",pure_oxide_filtered,42,0.8550029958058718
fixed_test_set,Fixed test set,pre_head,256,knn_family_purity,nitride,0.84269972451790631,0.81074380165289262,0.870805785123967,0.94999999999999996,bootstrap_over_family_per_structure_purity_values,True,1669,1427,242,raw_256d_embedding_vectors,True,none,none,"{""k_neighbors"": 15, ""metric"": ""euclidean"", ""self_excluded"": true}",pure_oxide_filtered,42,0.8550029958058718
fixed_test_set,Fixed test set,pre_head,256,logistic_regression_family_auc,overall_family_labels,0.99949034847423068,0.99883569240213821,0.99996525103233391,0.94999999999999996,stratified_bootstrap_over_cross_validated_out_of_fold_scores,True,1669,1427,242,raw_256d_embedding_vectors,True,none,fold_local_standard_scaler_no_dimensionality_reduction,"{""class_weight"": ""balanced"", ""cv_folds"": 5, ""positive_label"": ""nitride"", ""solver"": ""lbfgs""}",pure_oxide_filtered,42,0.8550029958058718
fixed_test_set,Fixed test set,last_alignn_pool,256,silhouette_score,overall_family_labels,0.23924905439423452,0.23316488129108706,0.24563530325262747,0.94999999999999996,stratified_bootstrap_over_per_structure_silhouette_values,True,1726,1484,242,raw_256d_embedding_vectors,True,none,none,"{""metric"": ""euclidean""}",inclusive_baseline_recomputed,43,0.85979142526071839
fixed_test_set,Fixed test set,last_alignn_pool,256,silhouette_score,oxide,0.25456374327432907,0.2476217597241355,0.26169333510196163,0.94999999999999996,bootstrap_over_family_per_structure_silhouette_values,True,1726,1484,242,raw_256d_embedding_vectors,True,none,none,"{""metric"": ""euclidean""}",inclusive_baseline_recomputed,43,0.85979142526071839
fixed_test_set,Fixed test set,last_alignn_pool,256,silhouette_score,nitride,0.14533583828654709,0.1316160216690978,0.15817060877426564,0.94999999999999996,bootstrap_over_family_per_structure_silhouette_values,True,1726,1484,242,raw_256d_embedding_vectors,True,none,none,"{""metric"": ""euclidean""}",inclusive_baseline_recomputed,43,0.85979142526071839
fixed_test_set,Fixed test set,last_alignn_pool,256,davies_bouldin_index,overall_family_labels,1.8289881053584107,1.733953690415271,1.9071249603130276,0.94999999999999996,stratified_bootstrap_recomputed_index,False,1726,1484,242,raw_256d_embedding_vectors,True,none,none,"{""metric"": ""euclidean""}",inclusive_baseline_recomputed,43,0.85979142526071839
fixed_test_set,Fixed test set,last_alignn_pool,256,knn_family_purity,overall_family_labels,0.96554654306682119,0.96029258400927009,0.97076091154886057,0.94999999999999996,stratified_bootstrap_over_per_structure_purity_values,True,1726,1484,242,raw_256d_embedding_vectors,True,none,none,"{""k_neighbors"": 15, ""metric"": ""euclidean"", ""self_excluded"": true}",inclusive_baseline_recomputed,43,0.85979142526071839
fixed_test_set,Fixed test set,last_alignn_pool,256,knn_family_purity,oxide,0.98715184186882299,0.98324236298292889,0.99056716082659479,0.94999999999999996,bootstrap_over_family_per_structure_purity_values,True,1726,1484,242,raw_256d_embedding_vectors,True,none,none,"{""k_neighbors"": 15, ""metric"": ""euclidean"", ""self_excluded"": true}",inclusive_baseline_recomputed,43,0.85979142526071839
fixed_test_set,Fixed test set,last_alignn_pool,256,knn_family_purity,nitride,0.83305785123966947,0.79778236914600553,0.86446280991735536,0.94999999999999996,bootstrap_over_family_per_structure_purity_values,True,1726,1484,242,raw_256d_embedding_vectors,True,none,none,"{""k_neighbors"": 15, ""metric"": ""euclidean"", ""self_excluded"": true}",inclusive_baseline_recomputed,43,0.85979142526071839
fixed_test_set,Fixed test set,last_alignn_pool,256,logistic_regression_family_auc,overall_family_labels,0.99936234434519167,0.9983647891559555,0.99994437916286105,0.94999999999999996,stratified_bootstrap_over_cross_validated_out_of_fold_scores,True,1726,1484,242,raw_256d_embedding_vectors,True,none,fold_local_standard_scaler_no_dimensionality_reduction,"{""class_weight"": ""balanced"", ""cv_folds"": 5, ""positive_label"": ""nitride"", ""solver"": ""lbfgs""}",inclusive_baseline_recomputed,43,0.85979142526071839
fixed_test_set,Fixed test set,last_alignn_pool,256,silhouette_score,overall_family_labels,0.25314066002325086,0.24704471812336751,0.25897834890758492,0.94999999999999996,stratified_bootstrap_over_per_structure_silhouette_values,True,1669,1427,242,raw_256d_embedding_vectors,True,none,none,"{""metric"": ""euclidean""}",pure_oxide_filtered,43,0.8550029958058718
fixed_test_set,Fixed test set,last_alignn_pool,256,silhouette_score,oxide,0.27067590656483415,0.26393911574366102,0.27707958087941803,0.94999999999999996,bootstrap_over_family_per_structure_silhouette_values,True,1669,1427,242,raw_256d_embedding_vectors,True,none,none,"{""metric"": ""euclidean""}",pure_oxide_filtered,43,0.8550029958058718
fixed_test_set,Fixed test set,last_alignn_pool,256,silhouette_score,nitride,0.149740673185072,0.13463020699734993,0.16202181522477008,0.94999999999999996,bootstrap_over_family_per_structure_silhouette_values,True,1669,1427,242,raw_256d_embedding_vectors,True,none,none,"{""metric"": ""euclidean""}",pure_oxide_filtered,43,0.8550029958058718
fixed_test_set,Fixed test set,last_alignn_pool,256,davies_bouldin_index,overall_family_labels,1.7677941527267338,1.679458534239358,1.8463592917439995,0.94999999999999996,stratified_bootstrap_recomputed_index,False,1669,1427,242,raw_256d_embedding_vectors,True,none,none,"{""metric"": ""euclidean""}",pure_oxide_filtered,43,0.8550029958058718
fixed_test_set,Fixed test set,last_alignn_pool,256,knn_family_purity,overall_family_labels,0.97423606950269626,0.96896345116836446,0.97934891152386661,0.94999999999999996,stratified_bootstrap_over_per_structure_purity_values,True,1669,1427,242,raw_256d_embedding_vectors,True,none,none,"{""k_neighbors"": 15, ""metric"": ""euclidean"", ""self_excluded"": true}",pure_oxide_filtered,43,0.8550029958058718
fixed_test_set,Fixed test set,last_alignn_pool,256,knn_family_purity,oxide,0.99117028731604773,0.98836603597290351,0.9938799345947209,0.94999999999999996,bootstrap_over_family_per_structure_purity_values,True,1669,1427,242,raw_256d_embedding_vectors,True,none,none,"{""k_neighbors"": 15, ""metric"": ""euclidean"", ""self_excluded"": true}",pure_oxide_filtered,43,0.8550029958058718
fixed_test_set,Fixed test set,last_alignn_pool,256,knn_family_purity,nitride,0.87438016528925633,0.84351928374655638,0.90606749311294765,0.94999999999999996,bootstrap_over_family_per_structure_purity_values,True,1669,1427,242,raw_256d_embedding_vectors,True,none,none,"{""k_neighbors"": 15, ""metric"": ""euclidean"", ""self_excluded"": true}",pure_oxide_filtered,43,0.8550029958058718
fixed_test_set,Fixed test set,last_alignn_pool,256,logistic_regression_family_auc,overall_family_labels,0.99996814677963941,0.99988996160239074,1,0.94999999999999996,stratified_bootstrap_over_cross_validated_out_of_fold_scores,True,1669,1427,242,raw_256d_embedding_vectors,True,none,fold_local_standard_scaler_no_dimensionality_reduction,"{""class_weight"": ""balanced"", ""cv_folds"": 5, ""positive_label"": ""nitride"", ""solver"": ""lbfgs""}",pure_oxide_filtered,43,0.8550029958058718
fixed_test_set,Fixed test set,last_gcn_pool,256,silhouette_score,overall_family_labels,0.19049933356585569,0.18207384573046767,0.19934343353913569,0.94999999999999996,stratified_bootstrap_over_per_structure_silhouette_values,True,1726,1484,242,raw_256d_embedding_vectors,True,none,none,"{""metric"": ""euclidean""}",inclusive_baseline_recomputed,44,0.85979142526071839
fixed_test_set,Fixed test set,last_gcn_pool,256,silhouette_score,oxide,0.18519537470734157,0.17544974455787304,0.19493767248066718,0.94999999999999996,bootstrap_over_family_per_structure_silhouette_values,True,1726,1484,242,raw_256d_embedding_vectors,True,none,none,"{""metric"": ""euclidean""}",inclusive_baseline_recomputed,44,0.85979142526071839
fixed_test_set,Fixed test set,last_gcn_pool,256,silhouette_score,nitride,0.22302443664864477,0.20661163997691881,0.23767775662530299,0.94999999999999996,bootstrap_over_family_per_structure_silhouette_values,True,1726,1484,242,raw_256d_embedding_vectors,True,none,none,"{""metric"": ""euclidean""}",inclusive_baseline_recomputed,44,0.85979142526071839
fixed_test_set,Fixed test set,last_gcn_pool,256,davies_bouldin_index,overall_family_labels,1.6936503655060886,1.6081246901124844,1.7798550506413358,0.94999999999999996,stratified_bootstrap_recomputed_index,False,1726,1484,242,raw_256d_embedding_vectors,True,none,none,"{""metric"": ""euclidean""}",inclusive_baseline_recomputed,44,0.85979142526071839
fixed_test_set,Fixed test set,last_gcn_pool,256,knn_family_purity,overall_family_labels,0.95770567786790262,0.95156334492081895,0.96319235225955968,0.94999999999999996,stratified_bootstrap_over_per_structure_purity_values,True,1726,1484,242,raw_256d_embedding_vectors,True,none,none,"{""k_neighbors"": 15, ""metric"": ""euclidean"", ""self_excluded"": true}",inclusive_baseline_recomputed,44,0.85979142526071839
fixed_test_set,Fixed test set,last_gcn_pool,256,knn_family_purity,oxide,0.98373764600179703,0.97928908355795152,0.9879177897574124,0.94999999999999996,bootstrap_over_family_per_structure_purity_values,True,1726,1484,242,raw_256d_embedding_vectors,True,none,none,"{""k_neighbors"": 15, ""metric"": ""euclidean"", ""self_excluded"": true}",inclusive_baseline_recomputed,44,0.85979142526071839
fixed_test_set,Fixed test set,last_gcn_pool,256,knn_family_purity,nitride,0.79807162534435261,0.76362947658402203,0.82975206611570251,0.94999999999999996,bootstrap_over_family_per_structure_purity_values,True,1726,1484,242,raw_256d_embedding_vectors,True,none,none,"{""k_neighbors"": 15, ""metric"": ""euclidean"", ""self_excluded"": true}",inclusive_baseline_recomputed,44,0.85979142526071839
fixed_test_set,Fixed test set,last_gcn_pool,256,logistic_regression_family_auc,overall_family_labels,0.99733242743534345,0.99558917711790773,0.99875538805105701,0.94999999999999996,stratified_bootstrap_over_cross_validated_out_of_fold_scores,True,1726,1484,242,raw_256d_embedding_vectors,True,none,fold_local_standard_scaler_no_dimensionality_reduction,"{""class_weight"": ""balanced"", ""cv_folds"": 5, ""positive_label"": ""nitride"", ""solver"": ""lbfgs""}",inclusive_baseline_recomputed,44,0.85979142526071839
fixed_test_set,Fixed test set,last_gcn_pool,256,silhouette_score,overall_family_labels,0.20453496327985368,0.19628593986691462,0.21236106313595837,0.94999999999999996,stratified_bootstrap_over_per_structure_silhouette_values,True,1669,1427,242,raw_256d_embedding_vectors,True,none,none,"{""metric"": ""euclidean""}",pure_oxide_filtered,44,0.8550029958058718
fixed_test_set,Fixed test set,last_gcn_pool,256,silhouette_score,oxide,0.20037057473922232,0.19093531437650005,0.20997286015025346,0.94999999999999996,bootstrap_over_family_per_structure_silhouette_values,True,1669,1427,242,raw_256d_embedding_vectors,True,none,none,"{""metric"": ""euclidean""}",pure_oxide_filtered,44,0.8550029958058718
fixed_test_set,Fixed test set,last_gcn_pool,256,silhouette_score,nitride,0.22909108909589054,0.21319557290496088,0.2445174348742222,0.94999999999999996,bootstrap_over_family_per_structure_silhouette_values,True,1669,1427,242,raw_256d_embedding_vectors,True,none,none,"{""metric"": ""euclidean""}",pure_oxide_filtered,44,0.8550029958058718
fixed_test_set,Fixed test set,last_gcn_pool,256,davies_bouldin_index,overall_family_labels,1.6384813638961719,1.5474755541710419,1.721511100565946,0.94999999999999996,stratified_bootstrap_recomputed_index,False,1669,1427,242,raw_256d_embedding_vectors,True,none,none,"{""metric"": ""euclidean""}",pure_oxide_filtered,44,0.8550029958058718
fixed_test_set,Fixed test set,last_gcn_pool,256,knn_family_purity,overall_family_labels,0.96552826043539042,0.95973636908328352,0.97096464949071304,0.94999999999999996,stratified_bootstrap_over_per_structure_purity_values,True,1669,1427,242,raw_256d_embedding_vectors,True,none,none,"{""k_neighbors"": 15, ""metric"": ""euclidean"", ""self_excluded"": true}",pure_oxide_filtered,44,0.8550029958058718
fixed_test_set,Fixed test set,last_gcn_pool,256,knn_family_purity,oxide,0.98635832749357621,0.98233940668068198,0.99023709413688388,0.94999999999999996,bootstrap_over_family_per_structure_purity_values,True,1669,1427,242,raw_256d_embedding_vectors,True,none,none,"{""k_neighbors"": 15, ""metric"": ""euclidean"", ""self_excluded"": true}",pure_oxide_filtered,44,0.8550029958058718
fixed_test_set,Fixed test set,last_gcn_pool,256,knn_family_purity,nitride,0.84269972451790631,0.81017906336088152,0.87273415977961444,0.94999999999999996,bootstrap_over_family_per_structure_purity_values,True,1669,1427,242,raw_256d_embedding_vectors,True,none,none,"{""k_neighbors"": 15, ""metric"": ""euclidean"", ""self_excluded"": true}",pure_oxide_filtered,44,0.8550029958058718
fixed_test_set,Fixed test set,last_gcn_pool,256,logistic_regression_family_auc,overall_family_labels,0.99966698905986673,0.99913409916197071,0.99997393827425041,0.94999999999999996,stratified_bootstrap_over_cross_validated_out_of_fold_scores,True,1669,1427,242,raw_256d_embedding_vectors,True,none,fold_local_standard_scaler_no_dimensionality_reduction,"{""class_weight"": ""balanced"", ""cv_folds"": 5, ""positive_label"": ""nitride"", ""solver"": ""lbfgs""}",pure_oxide_filtered,44,0.8550029958058718
balanced_pool_set,Balanced train+val pool,pre_head,256,silhouette_score,overall_family_labels,0.2147995146211619,0.21017648783518184,0.21949743316110459,0.94999999999999996,stratified_bootstrap_over_per_structure_silhouette_values,True,4092,2046,2046,raw_256d_embedding_vectors,True,none,none,"{""metric"": ""euclidean""}",inclusive_baseline_recomputed,1042,0.5
balanced_pool_set,Balanced train+val pool,pre_head,256,silhouette_score,oxide,0.19410601742899738,0.18596862768937034,0.20206050721537092,0.94999999999999996,bootstrap_over_family_per_structure_silhouette_values,True,4092,2046,2046,raw_256d_embedding_vectors,True,none,none,"{""metric"": ""euclidean""}",inclusive_baseline_recomputed,1042,0.5
balanced_pool_set,Balanced train+val pool,pre_head,256,silhouette_score,nitride,0.23549301181332649,0.23060005123909325,0.24017566826797382,0.94999999999999996,bootstrap_over_family_per_structure_silhouette_values,True,4092,2046,2046,raw_256d_embedding_vectors,True,none,none,"{""metric"": ""euclidean""}",inclusive_baseline_recomputed,1042,0.5
balanced_pool_set,Balanced train+val pool,pre_head,256,davies_bouldin_index,overall_family_labels,1.6445431066035552,1.5976045579307123,1.6884861932198747,0.94999999999999996,stratified_bootstrap_recomputed_index,False,4092,2046,2046,raw_256d_embedding_vectors,True,none,none,"{""metric"": ""euclidean""}",inclusive_baseline_recomputed,1042,0.5
balanced_pool_set,Balanced train+val pool,pre_head,256,knn_family_purity,overall_family_labels,0.97005539263603791,0.96633960573476707,0.97316878462039758,0.94999999999999996,stratified_bootstrap_over_per_structure_purity_values,True,4092,2046,2046,raw_256d_embedding_vectors,True,none,none,"{""k_neighbors"": 15, ""metric"": ""euclidean"", ""self_excluded"": true}",inclusive_baseline_recomputed,1042,0.5
balanced_pool_set,Balanced train+val pool,pre_head,256,knn_family_purity,oxide,0.96836102965135229,0.96272401433691768,0.97386852394916912,0.94999999999999996,bootstrap_over_family_per_structure_purity_values,True,4092,2046,2046,raw_256d_embedding_vectors,True,none,none,"{""k_neighbors"": 15, ""metric"": ""euclidean"", ""self_excluded"": true}",inclusive_baseline_recomputed,1042,0.5
balanced_pool_set,Balanced train+val pool,pre_head,256,knn_family_purity,nitride,0.97174975562072341,0.96705685891169757,0.97611599869664378,0.94999999999999996,bootstrap_over_family_per_structure_purity_values,True,4092,2046,2046,raw_256d_embedding_vectors,True,none,none,"{""k_neighbors"": 15, ""metric"": ""euclidean"", ""self_excluded"": true}",inclusive_baseline_recomputed,1042,0.5
balanced_pool_set,Balanced train+val pool,pre_head,256,logistic_regression_family_auc,overall_family_labels,0.99891426802315086,0.99821268689161968,0.99943839946145785,0.94999999999999996,stratified_bootstrap_over_cross_validated_out_of_fold_scores,True,4092,2046,2046,raw_256d_embedding_vectors,True,none,fold_local_standard_scaler_no_dimensionality_reduction,"{""class_weight"": ""balanced"", ""cv_folds"": 5, ""positive_label"": ""nitride"", ""solver"": ""lbfgs""}",inclusive_baseline_recomputed,1042,0.5
balanced_pool_set,Balanced train+val pool,pre_head,256,silhouette_score,overall_family_labels,0.2222834413739877,0.21762089604139073,0.22713359390262192,0.94999999999999996,stratified_bootstrap_over_per_structure_silhouette_values,True,4036,1990,2046,raw_256d_embedding_vectors,True,none,none,"{""metric"": ""euclidean""}",pure_oxide_filtered,1042,0.50693756194251738
balanced_pool_set,Balanced train+val pool,pre_head,256,silhouette_score,oxide,0.20422843175689034,0.19611911465002677,0.21197737261747557,0.94999999999999996,bootstrap_over_family_per_structure_silhouette_values,True,4036,1990,2046,raw_256d_embedding_vectors,True,none,none,"{""metric"": ""euclidean""}",pure_oxide_filtered,1042,0.50693756194251738
balanced_pool_set,Balanced train+val pool,pre_head,256,silhouette_score,nitride,0.23984427672981556,0.23478416439336072,0.24464621308423881,0.94999999999999996,bootstrap_over_family_per_structure_silhouette_values,True,4036,1990,2046,raw_256d_embedding_vectors,True,none,none,"{""metric"": ""euclidean""}",pure_oxide_filtered,1042,0.50693756194251738
balanced_pool_set,Balanced train+val pool,pre_head,256,davies_bouldin_index,overall_family_labels,1.6101280148248822,1.5688224374004807,1.6543030856121204,0.94999999999999996,stratified_bootstrap_recomputed_index,False,4036,1990,2046,raw_256d_embedding_vectors,True,none,none,"{""metric"": ""euclidean""}",pure_oxide_filtered,1042,0.50693756194251738
balanced_pool_set,Balanced train+val pool,pre_head,256,knn_family_purity,overall_family_labels,0.97626362735381578,0.97302485959696072,0.97945201519656422,0.94999999999999996,stratified_bootstrap_over_per_structure_purity_values,True,4036,1990,2046,raw_256d_embedding_vectors,True,none,none,"{""k_neighbors"": 15, ""metric"": ""euclidean"", ""self_excluded"": true}",pure_oxide_filtered,1042,0.50693756194251738
balanced_pool_set,Balanced train+val pool,pre_head,256,knn_family_purity,oxide,0.97450586264656613,0.96931155778894473,0.97916331658291456,0.94999999999999996,bootstrap_over_family_per_structure_purity_values,True,4036,1990,2046,raw_256d_embedding_vectors,True,none,none,"{""k_neighbors"": 15, ""metric"": ""euclidean"", ""self_excluded"": true}",pure_oxide_filtered,1042,0.50693756194251738
balanced_pool_set,Balanced train+val pool,pre_head,256,knn_family_purity,nitride,0.97797328119908766,0.97324861518409911,0.98208048224177258,0.94999999999999996,bootstrap_over_family_per_structure_purity_values,True,4036,1990,2046,raw_256d_embedding_vectors,True,none,none,"{""k_neighbors"": 15, ""metric"": ""euclidean"", ""self_excluded"": true}",pure_oxide_filtered,1042,0.50693756194251738
balanced_pool_set,Balanced train+val pool,pre_head,256,logistic_regression_family_auc,overall_family_labels,0.99990298511128473,0.99979879234884106,0.99997544540886252,0.94999999999999996,stratified_bootstrap_over_cross_validated_out_of_fold_scores,True,4036,1990,2046,raw_256d_embedding_vectors,True,none,fold_local_standard_scaler_no_dimensionality_reduction,"{""class_weight"": ""balanced"", ""cv_folds"": 5, ""positive_label"": ""nitride"", ""solver"": ""lbfgs""}",pure_oxide_filtered,1042,0.50693756194251738
balanced_pool_set,Balanced train+val pool,last_alignn_pool,256,silhouette_score,overall_family_labels,0.20767994650541158,0.20403045199461689,0.21140657861943665,0.94999999999999996,stratified_bootstrap_over_per_structure_silhouette_values,True,4092,2046,2046,raw_256d_embedding_vectors,True,none,none,"{""metric"": ""euclidean""}",inclusive_baseline_recomputed,1043,0.5
balanced_pool_set,Balanced train+val pool,last_alignn_pool,256,silhouette_score,oxide,0.25999384786940222,0.25385091857258091,0.26584921018542373,0.94999999999999996,bootstrap_over_family_per_structure_silhouette_values,True,4092,2046,2046,raw_256d_embedding_vectors,True,none,none,"{""metric"": ""euclidean""}",inclusive_baseline_recomputed,1043,0.5
balanced_pool_set,Balanced train+val pool,last_alignn_pool,256,silhouette_score,nitride,0.15536604514142094,0.1509373218891838,0.15953797025038838,0.94999999999999996,bootstrap_over_family_per_structure_silhouette_values,True,4092,2046,2046,raw_256d_embedding_vectors,True,none,none,"{""metric"": ""euclidean""}",inclusive_baseline_recomputed,1043,0.5
balanced_pool_set,Balanced train+val pool,last_alignn_pool,256,davies_bouldin_index,overall_family_labels,1.7856007148087834,1.7431726951044915,1.8285506527016642,0.94999999999999996,stratified_bootstrap_recomputed_index,False,4092,2046,2046,raw_256d_embedding_vectors,True,none,none,"{""metric"": ""euclidean""}",inclusive_baseline_recomputed,1043,0.5
balanced_pool_set,Balanced train+val pool,last_alignn_pool,256,knn_family_purity,overall_family_labels,0.97670250896057353,0.97372026718800919,0.97953812316715538,0.94999999999999996,stratified_bootstrap_over_per_structure_purity_values,True,4092,2046,2046,raw_256d_embedding_vectors,True,none,none,"{""k_neighbors"": 15, ""metric"": ""euclidean"", ""self_excluded"": true}",inclusive_baseline_recomputed,1043,0.5
balanced_pool_set,Balanced train+val pool,last_alignn_pool,256,knn_family_purity,oxide,0.97520364939719772,0.96972955360052127,0.98012381883349631,0.94999999999999996,bootstrap_over_family_per_structure_purity_values,True,4092,2046,2046,raw_256d_embedding_vectors,True,none,none,"{""k_neighbors"": 15, ""metric"": ""euclidean"", ""self_excluded"": true}",inclusive_baseline_recomputed,1043,0.5
balanced_pool_set,Balanced train+val pool,last_alignn_pool,256,knn_family_purity,nitride,0.97820136852394923,0.97464890843923091,0.98146057347670268,0.94999999999999996,bootstrap_over_family_per_structure_purity_values,True,4092,2046,2046,raw_256d_embedding_vectors,True,none,none,"{""k_neighbors"": 15, ""metric"": ""euclidean"", ""self_excluded"": true}",inclusive_baseline_recomputed,1043,0.5
balanced_pool_set,Balanced train+val pool,last_alignn_pool,256,logistic_regression_family_auc,overall_family_labels,0.99930150048398092,0.99849166267728851,0.99987397028653768,0.94999999999999996,stratified_bootstrap_over_cross_validated_out_of_fold_scores,True,4092,2046,2046,raw_256d_embedding_vectors,True,none,fold_local_standard_scaler_no_dimensionality_reduction,"{""class_weight"": ""balanced"", ""cv_folds"": 5, ""positive_label"": ""nitride"", ""solver"": ""lbfgs""}",inclusive_baseline_recomputed,1043,0.5
balanced_pool_set,Balanced train+val pool,last_alignn_pool,256,silhouette_score,overall_family_labels,0.21404564557698097,0.21042496932788657,0.21739986210801598,0.94999999999999996,stratified_bootstrap_over_per_structure_silhouette_values,True,4036,1990,2046,raw_256d_embedding_vectors,True,none,none,"{""metric"": ""euclidean""}",pure_oxide_filtered,1043,0.50693756194251738
balanced_pool_set,Balanced train+val pool,last_alignn_pool,256,silhouette_score,oxide,0.27088310821636502,0.26471945441304207,0.27613742085271048,0.94999999999999996,bootstrap_over_family_per_structure_silhouette_values,True,4036,1990,2046,raw_256d_embedding_vectors,True,none,none,"{""metric"": ""euclidean""}",pure_oxide_filtered,1043,0.50693756194251738
balanced_pool_set,Balanced train+val pool,last_alignn_pool,256,silhouette_score,nitride,0.158763851514237,0.15432846903900385,0.16334030262551275,0.94999999999999996,bootstrap_over_family_per_structure_silhouette_values,True,4036,1990,2046,raw_256d_embedding_vectors,True,none,none,"{""metric"": ""euclidean""}",pure_oxide_filtered,1043,0.50693756194251738
balanced_pool_set,Balanced train+val pool,last_alignn_pool,256,davies_bouldin_index,overall_family_labels,1.7460496442195013,1.7043154964650653,1.7851119689556934,0.94999999999999996,stratified_bootstrap_recomputed_index,False,4036,1990,2046,raw_256d_embedding_vectors,True,none,none,"{""metric"": ""euclidean""}",pure_oxide_filtered,1043,0.50693756194251738
balanced_pool_set,Balanced train+val pool,last_alignn_pool,256,knn_family_purity,overall_family_labels,0.98316815328708296,0.98037619755533534,0.98577923686818636,0.94999999999999996,stratified_bootstrap_over_per_structure_purity_values,True,4036,1990,2046,raw_256d_embedding_vectors,True,none,none,"{""k_neighbors"": 15, ""metric"": ""euclidean"", ""self_excluded"": true}",pure_oxide_filtered,1043,0.50693756194251738
balanced_pool_set,Balanced train+val pool,last_alignn_pool,256,knn_family_purity,oxide,0.98113902847571188,0.97701758793969862,0.98536097152428814,0.94999999999999996,bootstrap_over_family_per_structure_purity_values,True,4036,1990,2046,raw_256d_embedding_vectors,True,none,none,"{""k_neighbors"": 15, ""metric"": ""euclidean"", ""self_excluded"": true}",pure_oxide_filtered,1043,0.50693756194251738
balanced_pool_set,Balanced train+val pool,last_alignn_pool,256,knn_family_purity,nitride,0.98514173998044963,0.98165444770283483,0.98813945910720091,0.94999999999999996,bootstrap_over_family_per_structure_purity_values,True,4036,1990,2046,raw_256d_embedding_vectors,True,none,none,"{""k_neighbors"": 15, ""metric"": ""euclidean"", ""self_excluded"": true}",pure_oxide_filtered,1043,0.50693756194251738
balanced_pool_set,Balanced train+val pool,last_alignn_pool,256,logistic_regression_family_auc,overall_family_labels,0.99999901757074716,0.9999963158903018,1,0.94999999999999996,stratified_bootstrap_over_cross_validated_out_of_fold_scores,True,4036,1990,2046,raw_256d_embedding_vectors,True,none,fold_local_standard_scaler_no_dimensionality_reduction,"{""class_weight"": ""balanced"", ""cv_folds"": 5, ""positive_label"": ""nitride"", ""solver"": ""lbfgs""}",pure_oxide_filtered,1043,0.50693756194251738
balanced_pool_set,Balanced train+val pool,last_gcn_pool,256,silhouette_score,overall_family_labels,0.2147995146211619,0.21017233434509855,0.21971179552557882,0.94999999999999996,stratified_bootstrap_over_per_structure_silhouette_values,True,4092,2046,2046,raw_256d_embedding_vectors,True,none,none,"{""metric"": ""euclidean""}",inclusive_baseline_recomputed,1044,0.5
balanced_pool_set,Balanced train+val pool,last_gcn_pool,256,silhouette_score,oxide,0.19410601742899738,0.18572205646394788,0.2022633159194929,0.94999999999999996,bootstrap_over_family_per_structure_silhouette_values,True,4092,2046,2046,raw_256d_embedding_vectors,True,none,none,"{""metric"": ""euclidean""}",inclusive_baseline_recomputed,1044,0.5
balanced_pool_set,Balanced train+val pool,last_gcn_pool,256,silhouette_score,nitride,0.23549301181332649,0.23041963776142513,0.2398317390819717,0.94999999999999996,bootstrap_over_family_per_structure_silhouette_values,True,4092,2046,2046,raw_256d_embedding_vectors,True,none,none,"{""metric"": ""euclidean""}",inclusive_baseline_recomputed,1044,0.5
balanced_pool_set,Balanced train+val pool,last_gcn_pool,256,davies_bouldin_index,overall_family_labels,1.6445431066035552,1.6001641849610815,1.6887614878903301,0.94999999999999996,stratified_bootstrap_recomputed_index,False,4092,2046,2046,raw_256d_embedding_vectors,True,none,none,"{""metric"": ""euclidean""}",inclusive_baseline_recomputed,1044,0.5
balanced_pool_set,Balanced train+val pool,last_gcn_pool,256,knn_family_purity,overall_family_labels,0.97005539263603791,0.96635589768654284,0.97368890518084061,0.94999999999999996,stratified_bootstrap_over_per_structure_purity_values,True,4092,2046,2046,raw_256d_embedding_vectors,True,none,none,"{""k_neighbors"": 15, ""metric"": ""euclidean"", ""self_excluded"": true}",inclusive_baseline_recomputed,1044,0.5
balanced_pool_set,Balanced train+val pool,last_gcn_pool,256,knn_family_purity,oxide,0.96836102965135229,0.96311257738677092,0.97383594004561747,0.94999999999999996,bootstrap_over_family_per_structure_purity_values,True,4092,2046,2046,raw_256d_embedding_vectors,True,none,none,"{""k_neighbors"": 15, ""metric"": ""euclidean"", ""self_excluded"": true}",inclusive_baseline_recomputed,1044,0.5
balanced_pool_set,Balanced train+val pool,last_gcn_pool,256,knn_family_purity,nitride,0.97174975562072341,0.96738351254480293,0.97608504398826978,0.94999999999999996,bootstrap_over_family_per_structure_purity_values,True,4092,2046,2046,raw_256d_embedding_vectors,True,none,none,"{""k_neighbors"": 15, ""metric"": ""euclidean"", ""self_excluded"": true}",inclusive_baseline_recomputed,1044,0.5
balanced_pool_set,Balanced train+val pool,last_gcn_pool,256,logistic_regression_family_auc,overall_family_labels,0.99893290104717591,0.99835849030461654,0.99939173926379488,0.94999999999999996,stratified_bootstrap_over_cross_validated_out_of_fold_scores,True,4092,2046,2046,raw_256d_embedding_vectors,True,none,fold_local_standard_scaler_no_dimensionality_reduction,"{""class_weight"": ""balanced"", ""cv_folds"": 5, ""positive_label"": ""nitride"", ""solver"": ""lbfgs""}",inclusive_baseline_recomputed,1044,0.5
balanced_pool_set,Balanced train+val pool,last_gcn_pool,256,silhouette_score,overall_family_labels,0.2222834413739877,0.21751774083831879,0.22718285822629861,0.94999999999999996,stratified_bootstrap_over_per_structure_silhouette_values,True,4036,1990,2046,raw_256d_embedding_vectors,True,none,none,"{""metric"": ""euclidean""}",pure_oxide_filtered,1044,0.50693756194251738
balanced_pool_set,Balanced train+val pool,last_gcn_pool,256,silhouette_score,oxide,0.20422843175689034,0.19668445560601108,0.21218200214827543,0.94999999999999996,bootstrap_over_family_per_structure_silhouette_values,True,4036,1990,2046,raw_256d_embedding_vectors,True,none,none,"{""metric"": ""euclidean""}",pure_oxide_filtered,1044,0.50693756194251738
balanced_pool_set,Balanced train+val pool,last_gcn_pool,256,silhouette_score,nitride,0.23984427672981556,0.23485599998110276,0.24423367210296681,0.94999999999999996,bootstrap_over_family_per_structure_silhouette_values,True,4036,1990,2046,raw_256d_embedding_vectors,True,none,none,"{""metric"": ""euclidean""}",pure_oxide_filtered,1044,0.50693756194251738
balanced_pool_set,Balanced train+val pool,last_gcn_pool,256,davies_bouldin_index,overall_family_labels,1.6101280148248822,1.5666809145888354,1.6560133841349032,0.94999999999999996,stratified_bootstrap_recomputed_index,False,4036,1990,2046,raw_256d_embedding_vectors,True,none,none,"{""metric"": ""euclidean""}",pure_oxide_filtered,1044,0.50693756194251738
balanced_pool_set,Balanced train+val pool,last_gcn_pool,256,knn_family_purity,overall_family_labels,0.97626362735381578,0.97307565246118277,0.97918731417244798,0.94999999999999996,stratified_bootstrap_over_per_structure_purity_values,True,4036,1990,2046,raw_256d_embedding_vectors,True,none,none,"{""k_neighbors"": 15, ""metric"": ""euclidean"", ""self_excluded"": true}",pure_oxide_filtered,1044,0.50693756194251738
balanced_pool_set,Balanced train+val pool,last_gcn_pool,256,knn_family_purity,oxide,0.97450586264656613,0.96941289782244555,0.97939949748743715,0.94999999999999996,bootstrap_over_family_per_structure_purity_values,True,4036,1990,2046,raw_256d_embedding_vectors,True,none,none,"{""k_neighbors"": 15, ""metric"": ""euclidean"", ""self_excluded"": true}",pure_oxide_filtered,1044,0.50693756194251738
balanced_pool_set,Balanced train+val pool,last_gcn_pool,256,knn_family_purity,nitride,0.97797328119908766,0.97344330400781998,0.98204952753339869,0.94999999999999996,bootstrap_over_family_per_structure_purity_values,True,4036,1990,2046,raw_256d_embedding_vectors,True,none,none,"{""k_neighbors"": 15, ""metric"": ""euclidean"", ""self_excluded"": true}",pure_oxide_filtered,1044,0.50693756194251738
balanced_pool_set,Balanced train+val pool,last_gcn_pool,256,logistic_regression_family_auc,overall_family_labels,0.99991649351351086,0.99982875644105174,0.99997593662348883,0.94999999999999996,stratified_bootstrap_over_cross_validated_out_of_fold_scores,True,4036,1990,2046,raw_256d_embedding_vectors,True,none,fold_local_standard_scaler_no_dimensionality_reduction,"{""class_weight"": ""balanced"", ""cv_folds"": 5, ""positive_label"": ""nitride"", ""solver"": ""lbfgs""}",pure_oxide_filtered,1044,0.50693756194251738
